model,seed,epoch,train_loss,HR@10,NDCG@10
GMF,0,0,,0.1145281046628952,0.05050432106072348
GMF,0,1,0.43775403181915146,0.3828207850456238,0.20474592725581545
GMF,0,2,0.3519790063067023,0.3913043439388275,0.21267873429006814
GMF,0,3,0.34587347895975595,0.4231176972389221,0.23157613988849157
GMF,0,4,0.32547919738938347,0.4899257719516754,0.27696239257766425
GMF,0,5,0.30182514510986375,0.5270413756370544,0.29106915971691544
GMF,0,6,0.29244970536130904,0.5376458168029785,0.29597566060819447
GMF,0,7,0.285614120868381,0.5440084934234619,0.3053359498838436
GMF,0,8,0.27963648493359883,0.5768823027610779,0.3190295350798507
GMF,0,9,0.2722007623881719,0.5959703326225281,0.3323094848040415
GMF,0,10,0.2665434832729746,0.6055142879486084,0.3408392464482458
GMF,0,11,0.26000243844947957,0.6267232298851013,0.34788966324218773
GMF,0,12,0.2555809587175216,0.628844141960144,0.35102660869159286
GMF,0,13,0.250886676936894,0.6405090093612671,0.35960418625442364
GMF,0,14,0.24758870646585046,0.6436903476715088,0.35828415774107203
GMF,0,15,0.24533469718785933,0.6500530242919922,0.3624726484965906
GMF,0,16,0.24338372815372644,0.6352067589759827,0.3623985101920691
GMF,0,17,0.24249495448588324,0.6489925980567932,0.36745402294732005
GMF,0,18,0.24154157460587591,0.6585366129875183,0.37038255691932953
GMF,0,19,0.2416663899993742,0.6542947888374329,0.3714107663375051
GMF,0,20,0.2397445106858943,0.6532343626022339,0.37869652052099084
MLP,0,0,,0.09119830280542374,0.04236924791256744
MLP,0,1,0.3711420501232497,0.4581124186515808,0.33515218446598893
MLP,0,2,0.3247642447880561,0.553552508354187,0.32094257080759875
MLP,0,3,0.2917492094415014,0.6023330092430115,0.3459599556268025
MLP,0,4,0.27342167815639024,0.598091185092926,0.3531300593660287
MLP,0,5,0.2623489143595357,0.6086956262588501,0.35896474604915374
MLP,0,6,0.25490673277124243,0.6373276710510254,0.3680566566833596
MLP,0,7,0.2475083682836068,0.619300127029419,0.3678580200288148
MLP,0,8,0.24243696226223552,0.6383880972862244,0.3745172685555929
MLP,0,9,0.23642596826845771,0.628844141960144,0.3716735718166542
MLP,0,10,0.2318461678524413,0.6489925980567932,0.38365195108900024
MLP,0,11,0.2260481150970867,0.6383880972862244,0.3769586283011314
MLP,0,12,0.2229822645151997,0.6479321122169495,0.38115716745690675
MLP,0,13,0.218952442646916,0.630964994430542,0.37762733549641697
MLP,0,14,0.2151388967329046,0.6436903476715088,0.37595940830111646
MLP,0,15,0.21199560405928247,0.629904568195343,0.3788685754573805
MLP,0,16,0.20948244050401213,0.6235418915748596,0.3805489169360492
MLP,0,17,0.20704323119957607,0.6447507739067078,0.38347079244132337
MLP,0,18,0.20406999761868183,0.6500530242919922,0.3962050264965553
MLP,0,19,0.2024770340340519,0.6373276710510254,0.38683537988103095
MLP,0,20,0.19891239671111363,0.6511134505271912,0.39398200030477376
NeuMF,0,0,,0.09968186914920807,0.04283319903348182
NeuMF,0,1,0.3535768527224948,0.5047720074653625,0.27563914461995637
NeuMF,0,2,0.2950640945928641,0.5630965232849121,0.3157307596257834
NeuMF,0,3,0.2736798388430615,0.6076352000236511,0.3422064082149036
NeuMF,0,4,0.2577150405931335,0.6150583028793335,0.35316904675272176
NeuMF,0,5,0.24688926479264192,0.6352067589759827,0.360314601002045
NeuMF,0,6,0.2380849456118612,0.629904568195343,0.3648384607658386
NeuMF,0,7,0.22978757777225617,0.6447507739067078,0.3702488836961599
NeuMF,0,8,0.22384057211997901,0.6362672448158264,0.3711021985797444
NeuMF,0,9,0.21736829728984652,0.6447507739067078,0.37903390062786824
NeuMF,0,10,0.21200612228872007,0.6564157009124756,0.38334451100989847
NeuMF,0,11,0.2064558151615408,0.6564157009124756,0.38633827774033
NeuMF,0,12,0.2026002551966102,0.6542947888374329,0.39506342780703857
NeuMF,0,13,0.19814766145431448,0.66171795129776,0.38466136801048917
NeuMF,0,14,0.19394177071885182,0.6500530242919922,0.38799722752377247
NeuMF,0,15,0.19045998799502467,0.6468716859817505,0.3921910802346105
NeuMF,0,16,0.18737426862148876,0.6458112597465515,0.3902819577275216
NeuMF,0,17,0.18441094305826233,0.6394485831260681,0.38296429517516994
NeuMF,0,18,0.18147036419165305,0.6479321122169495,0.38767208660384594
NeuMF,0,19,0.17951772641630906,0.628844141960144,0.3786396015298149
NeuMF,0,20,0.17636314297942524,0.6394485831260681,0.3807410396823393
GMF,1,0,,0.11558854579925537,0.05150265162899409
GMF,1,1,0.4375253748514169,0.3860021233558655,0.20545161899988612
GMF,1,2,0.3522340774984471,0.4008483588695526,0.2143685750616501
GMF,1,3,0.3427922932962706,0.4432661831378937,0.24368337501629755
GMF,1,4,0.3245542603608318,0.49522799253463745,0.27252382196677444
GMF,1,5,0.3082722735817585,0.5302227139472961,0.2876933004753677
GMF,1,6,0.29405680448263366,0.5408271551132202,0.29420227124218395
GMF,1,7,0.28626813503343684,0.5577942728996277,0.3051417037378962
GMF,1,8,0.2789168561546418,0.5705196261405945,0.3148956464093661
GMF,1,9,0.27277622717086647,0.5832449793815613,0.32617076316262944
GMF,1,10,0.26561464378640437,0.6012725234031677,0.3359924325377964
GMF,1,11,0.260069231823265,0.6150583028793335,0.3480865216512396
GMF,1,12,0.25494820379216027,0.6235418915748596,0.3535978016371008
GMF,1,13,0.2504766816942915,0.628844141960144,0.35291705660008454
GMF,1,14,0.24781349488789622,0.6394485831260681,0.36243175545291284
GMF,1,15,0.24540348184709676,0.6362672448158264,0.3641914911375962
GMF,1,16,0.24330786540823346,0.6383880972862244,0.3637085265347537
GMF,1,17,0.24125245615457536,0.6447507739067078,0.3680501737337329
GMF,1,18,0.24081446535299547,0.6447507739067078,0.37007921478594014
GMF,1,19,0.2395920168579039,0.6532343626022339,0.37056389691064845
GMF,1,20,0.23932494383195124,0.6511134505271912,0.3707791537000518
MLP,1,0,,0.101802758872509,0.048763827450119056
MLP,1,1,0.36659528191106105,0.46977731585502625,0.26394974914300046
MLP,1,2,0.31929223171120175,0.5450689196586609,0.29919544904055556
MLP,1,3,0.2941318174239282,0.5821844935417175,0.3243593819684051
MLP,1,4,0.279566119625084,0.6002120971679688,0.33690746639216185
MLP,1,5,0.26937304972954695,0.6256628036499023,0.35953732240700087
MLP,1,6,0.26081668129986824,0.6203605532646179,0.3586645649348326
MLP,1,7,0.25424433012146885,0.6235418915748596,0.36026297095063425
MLP,1,8,0.24725437118051288,0.6362672448158264,0.3665874813441455
MLP,1,9,0.24240626824916175,0.6458112597465515,0.3748007077358032
MLP,1,10,0.23664134006666993,0.6330859065055847,0.3659416754518825
MLP,1,11,0.2327940542877436,0.6373276710510254,0.37218298402630245
MLP,1,12,0.2286706071829736,0.6383880972862244,0.3781071590155953
MLP,1,13,0.22453023750112253,0.6415694355964661,0.3786033537392051
MLP,1,14,0.22118303301873504,0.6405090093612671,0.3805868847163452
MLP,1,15,0.21796518795835132,0.6511134505271912,0.38472362531703713
MLP,1,16,0.21460214100285568,0.629904568195343,0.37676448004846275
MLP,1,17,0.2111344224919623,0.6500530242919922,0.38290861210824745
MLP,1,18,0.20957831900593318,0.6383880972862244,0.3794444936271525
MLP,1,19,0.20628911188555316,0.6277836561203003,0.3738065628786622
MLP,1,20,0.20422448354326347,0.6405090093612671,0.38320998127203354
NeuMF,1,0,,0.09331919252872467,0.04283316812284507
NeuMF,1,1,0.35441119952433864,0.5185577869415283,0.29120676900154935
NeuMF,1,2,0.2931537369081889,0.5726405382156372,0.31922150802292665
NeuMF,1,3,0.2713609507532984,0.6097561120986938,0.33894663016556165
NeuMF,1,4,0.2575285004740094,0.6320254802703857,0.35328181666568376
NeuMF,1,5,0.24624534900501382,0.6553552746772766,0.365878562508572
NeuMF,1,6,0.23735419714154618,0.6595970392227173,0.36791892749627003
NeuMF,1,7,0.2306722232367029,0.6574761271476746,0.3716116711335036
NeuMF,1,8,0.22342474407730736,0.6511134505271912,0.37829307284829194
NeuMF,1,9,0.21851571723109517,0.6659597158432007,0.39275798478741414
NeuMF,1,10,0.21279251401456534,0.6680805683135986,0.3866112740314078
NeuMF,1,11,0.2087288614474335,0.6648992300033569,0.3918816078541363
NeuMF,1,12,0.20375928174383323,0.6479321122169495,0.38705045899126467
NeuMF,1,13,0.1998381903039249,0.6574761271476746,0.3846001935433432
NeuMF,1,14,0.19597534738739386,0.6542947888374329,0.39126914409953356
NeuMF,1,15,0.19254631625303986,0.6489925980567932,0.385163604531818
NeuMF,1,16,0.18893986019061612,0.6479321122169495,0.3808433924596824
NeuMF,1,17,0.18545734440359146,0.6447507739067078,0.385498294536351
NeuMF,1,18,0.1835136811085938,0.6479321122169495,0.3864537108139082
NeuMF,1,19,0.18018609052783868,0.6532343626022339,0.38484610408068204
NeuMF,1,20,0.17749212722652252,0.6532343626022339,0.38918371220465825
GMF,2,0,,0.09013785421848297,0.04409688385470337
GMF,2,1,0.4361981861586285,0.38388124108314514,0.20409212590214537
GMF,2,2,0.3526597980764567,0.38706257939338684,0.20936982001156954
GMF,2,3,0.34871508915597804,0.4040296971797943,0.22014538968376837
GMF,2,4,0.3375353757411027,0.46341463923454285,0.25845673339258696
GMF,2,5,0.3145672479129672,0.5143160223960876,0.2831293562202833
GMF,2,6,0.2981585309512364,0.5387062430381775,0.296021479368364
GMF,2,7,0.28934370403006016,0.5429480671882629,0.3014207841557012
GMF,2,8,0.28284537229875834,0.5726405382156372,0.31786489853291106
GMF,2,9,0.2761697325746674,0.5843054056167603,0.3267898948489457
GMF,2,10,0.26896255667243113,0.5959703326225281,0.33540527701303
GMF,2,11,0.26237878089096234,0.6129374504089355,0.3477169275230492
GMF,2,12,0.2578046674339664,0.6267232298851013,0.3512321718991601
GMF,2,13,0.25401866461811407,0.6246023178100586,0.35049593631795356
GMF,2,14,0.250226096353738,0.6246023178100586,0.35717527885509026
GMF,2,15,0.24859688891983378,0.6383880972862244,0.36115208075539446
GMF,2,16,0.2459029177345133,0.6500530242919922,0.36809162761699676
GMF,2,17,0.24451546901242965,0.6468716859817505,0.36656736902840037
GMF,2,18,0.24293222681049673,0.6426299214363098,0.3638685905776209
GMF,2,19,0.241631162864739,0.6436903476715088,0.3676086397362909
GMF,2,20,0.24057671022229993,0.6532343626022339,0.3677050101099525
MLP,2,0,,0.09331919252872467,0.041596167154982516
MLP,2,1,0.36906519989690617,0.4422057271003723,0.24222037607595337
MLP,2,2,0.3246636054540722,0.5196182131767273,0.28492622367356085
MLP,2,3,0.3058281176306317,0.5461293458938599,0.30803201911008804
MLP,2,4,0.2888925958463915,0.5747613906860352,0.32391343172627807
MLP,2,5,0.27764792523095505,0.587486743927002,0.3351322044441883
MLP,2,6,0.269315324509302,0.6012725234031677,0.3398782753937451
MLP,2,7,0.2621385775249674,0.6076352000236511,0.35064165531816816
MLP,2,8,0.25547700126980016,0.619300127029419,0.35638057344236485
MLP,2,9,0.2497800688192877,0.6256628036499023,0.3564550890908433
MLP,2,10,0.24438214684419915,0.6394485831260681,0.366644611982974
MLP,2,11,0.23896689550493938,0.6436903476715088,0.3703691263518109
MLP,2,12,0.2347229475336623,0.6352067589759827,0.369040979313646
MLP,2,13,0.23132987128542998,0.6405090093612671,0.3678918534192683
MLP,2,14,0.22713847441328167,0.6521739363670349,0.37890107319624816
MLP,2,15,0.22414920380938216,0.6373276710510254,0.3706977901325836
MLP,2,16,0.22001226929258255,0.6405090093612671,0.3742106210246667
MLP,2,17,0.21754146976525573,0.6542947888374329,0.38626261198539474
MLP,2,18,0.21384242872917533,0.6574761271476746,0.3856278504442779
MLP,2,19,0.210796039676779,0.6436903476715088,0.3801542565338478
MLP,2,20,0.2080449521161298,0.6532343626022339,0.37910423926640846
NeuMF,2,0,,0.09331919252872467,0.040026316046764064
NeuMF,2,1,0.35656777478912927,0.5121951103210449,0.281789397968204
NeuMF,2,2,0.29502578074044605,0.553552508354187,0.30631766520749615
NeuMF,2,3,0.2795818922081406,0.5896076560020447,0.3263562073960743
NeuMF,2,4,0.26453895323002946,0.598091185092926,0.33769301390374457
NeuMF,2,5,0.2521976266104216,0.6277836561203003,0.35288471120750875
NeuMF,2,6,0.24334854716041526,0.6458112597465515,0.3625749738928263
NeuMF,2,7,0.23598998649806763,0.66171795129776,0.3751407093741551
NeuMF,2,8,0.2298810577038768,0.6542947888374329,0.37744585891837995
NeuMF,2,9,0.22459558742007524,0.6564157009124756,0.3797031343811959
NeuMF,2,10,0.21949679632459976,0.66171795129776,0.3852913019281855
NeuMF,2,11,0.21383016525436674,0.6670201420783997,0.3812991231210233
NeuMF,2,12,0.2099197413012433,0.6542947888374329,0.38149275404440935
NeuMF,2,13,0.2062739379584776,0.6595970392227173,0.38361231189919387
NeuMF,2,14,0.2020846208196819,0.6585366129875183,0.38294058510526907
NeuMF,2,15,0.19944385222943783,0.6606574654579163,0.386493118450054
NeuMF,2,16,0.19555277755401554,0.6489925980567932,0.37805499967816053
NeuMF,2,17,0.1920478727681965,0.6511134505271912,0.38372202456766635
NeuMF,2,18,0.18885449020715125,0.6542947888374329,0.3865775220694111
NeuMF,2,19,0.1853737498417387,0.6574761271476746,0.3862797576966274
NeuMF,2,20,0.18297575673578878,0.6564157009124756,0.3831521736374577
GMF,3,0,,0.10604453831911087,0.04538680272702924
GMF,3,1,0.4390116240922253,0.375397652387619,0.19954624658024478
GMF,3,2,0.35214474031453635,0.3944856822490692,0.20842073794023655
GMF,3,3,0.34479294940612093,0.4273594915866852,0.23496972615425943
GMF,3,4,0.32690464654796864,0.4909862279891968,0.26996563670763235
GMF,3,5,0.30479489788578595,0.5312831401824951,0.2897699142910518
GMF,3,6,0.2924517694119466,0.5408271551132202,0.2989639546444866
GMF,3,7,0.2853842107445499,0.5662778615951538,0.3111060563222701
GMF,3,8,0.27777643453285833,0.5694591999053955,0.3178303902276394
GMF,3,9,0.26934302596193743,0.586426317691803,0.3317703937756826
GMF,3,10,0.26245123002582704,0.5991516709327698,0.3377419863643302
GMF,3,11,0.25813387972663343,0.6203605532646179,0.34453051591753153
GMF,3,12,0.2553245384333212,0.6256628036499023,0.3515047115505417
GMF,3,13,0.25212489201484695,0.6203605532646179,0.3490587197650297
GMF,3,14,0.2495653525525505,0.6330859065055847,0.35249459985851234
GMF,3,15,0.2465831753748071,0.6246023178100586,0.35062135756795043
GMF,3,16,0.24484449013161558,0.6415694355964661,0.3606648503758989
GMF,3,17,0.24425445278753727,0.6394485831260681,0.3634045333733783
GMF,3,18,0.24199317217360386,0.630964994430542,0.36701252998508116
GMF,3,19,0.24167005059918686,0.6479321122169495,0.3700004027044316
GMF,3,20,0.240341215270647,0.6532343626022339,0.36647942843824255
MLP,3,0,,0.1049840897321701,0.0472144110084108
MLP,3,1,0.36984207998086177,0.42841994762420654,0.23478738535033536
MLP,3,2,0.3243450230605827,0.5249204635620117,0.29661087861597496
MLP,3,3,0.3022212310784999,0.5567338466644287,0.3141958610914789
MLP,3,4,0.2852224317510574,0.587486743927002,0.32661134517427953
MLP,3,5,0.2728119797643618,0.5832449793815613,0.3314315433375131
MLP,3,6,0.26330503494195645,0.6076352000236511,0.34190142173395777
MLP,3,7,0.25518933578538655,0.6246023178100586,0.35748207052921
MLP,3,8,0.24992765980499543,0.6235418915748596,0.36301189394267924
MLP,3,9,0.24434078357960218,0.6246023178100586,0.3616845043994693
MLP,3,10,0.2384136360694293,0.6405090093612671,0.3758344960245393
MLP,3,11,0.2340621373788861,0.6405090093612671,0.37053970792349494
MLP,3,12,0.23041307928462193,0.6532343626022339,0.36964619471370974
MLP,3,13,0.22677568839066164,0.6330859065055847,0.37313295249541256
MLP,3,14,0.2227094668666205,0.6362672448158264,0.36895626074683213
MLP,3,15,0.21866621451823826,0.628844141960144,0.37289055431014395
MLP,3,16,0.21566453625149973,0.6447507739067078,0.37794673718806715
MLP,3,17,0.21332305222175618,0.6362672448158264,0.3747022976141464
MLP,3,18,0.20995742928818484,0.6277836561203003,0.36672895741518197
MLP,3,19,0.2080537012793581,0.6426299214363098,0.37309386394160454
MLP,3,20,0.20523933686563114,0.6521739363670349,0.38419835466194613
NeuMF,3,0,,0.1049840897321701,0.04616656920758372
NeuMF,3,1,0.3524090924502989,0.5344644784927368,0.2962511491043475
NeuMF,3,2,0.2919368413024306,0.5779427289962769,0.3189091430502922
NeuMF,3,3,0.27298331823387784,0.6086956262588501,0.3417547113325739
NeuMF,3,4,0.25902802502698064,0.6352067589759827,0.3543933749067668
NeuMF,3,5,0.24736675578489317,0.6489925980567932,0.36427603535865505
NeuMF,3,6,0.23743851361300575,0.6500530242919922,0.37493546227271984
NeuMF,3,7,0.22860639413583803,0.6564157009124756,0.375908173452946
NeuMF,3,8,0.222439013216351,0.6479321122169495,0.3834679391079611
NeuMF,3,9,0.21660366947553175,0.6500530242919922,0.3931375470534663
NeuMF,3,10,0.2100208706145796,0.6542947888374329,0.38579934806124044
NeuMF,3,11,0.2060107259975009,0.6458112597465515,0.38534245610601453
NeuMF,3,12,0.20156020847666845,0.6564157009124756,0.391132074830026
NeuMF,3,13,0.19701138391158582,0.6574761271476746,0.39129432133115205
NeuMF,3,14,0.1935608035252253,0.6415694355964661,0.382735239426846
NeuMF,3,15,0.18970186145779924,0.6489925980567932,0.3920477935135009
NeuMF,3,16,0.18600348099410993,0.6542947888374329,0.39152603576747064
NeuMF,3,17,0.18356895178412463,0.6405090093612671,0.3920042298521957
NeuMF,3,18,0.18053217100508315,0.6468716859817505,0.39116888919706816
NeuMF,3,19,0.17799415143850025,0.6352067589759827,0.38864205075736313
NeuMF,3,20,0.17502508148847754,0.6415694355964661,0.39200418775961626
GMF,4,0,,0.09650053083896637,0.04824976934362692
GMF,4,1,0.435968194508311,0.38706257939338684,0.20476990083901558
GMF,4,2,0.35257567369301474,0.3817603290081024,0.20794110174928865
GMF,4,3,0.3488230833056981,0.407211035490036,0.21730578512564758
GMF,4,4,0.3392489279053036,0.44114527106285095,0.23720592723723438
GMF,4,5,0.3238080494844693,0.4772004187107086,0.2628411898145312
GMF,4,6,0.30614823872294084,0.522799551486969,0.29396411317963533
GMF,4,7,0.29126880257391674,0.5577942728996277,0.3093225008737075
GMF,4,8,0.28155164181108416,0.5800636410713196,0.3240655136980579
GMF,4,9,0.2733955342164257,0.5896076560020447,0.33226260727269014
GMF,4,10,0.26695220870822184,0.6055142879486084,0.3369957023869274
GMF,4,11,0.2610518770765913,0.6129374504089355,0.3462662441683208
GMF,4,12,0.2555052928405558,0.6182396411895752,0.34514494304452265
GMF,4,13,0.25181697700383393,0.6352067589759827,0.35784743403285146
GMF,4,14,0.24966993283424288,0.6341463327407837,0.3589415275649606
GMF,4,15,0.24706545129367039,0.6320254802703857,0.35223765515221683
GMF,4,16,0.24605837616907203,0.6362672448158264,0.357433411135177
GMF,4,17,0.24382802143249188,0.6415694355964661,0.36455354783369887
GMF,4,18,0.2436327859198301,0.6426299214363098,0.36172546530485783
GMF,4,19,0.24175149184540862,0.6373276710510254,0.36356219122211253
GMF,4,20,0.24089275636859503,0.6383880972862244,0.36364185851317565
MLP,4,0,,0.1113467663526535,0.052024289015509616
MLP,4,1,0.3670209629530766,0.4740190804004669,0.25572359112601245
MLP,4,2,0.3166208028869881,0.553552508354187,0.31569396155896456
MLP,4,3,0.2907755967715684,0.5779427289962769,0.3138295113967761
MLP,4,4,0.2798761149352788,0.5917285084724426,0.32971982241583225
MLP,4,5,0.2714044964589071,0.6086956262588501,0.34078535495517204
MLP,4,6,0.26299556068797975,0.6108165383338928,0.3463098216939436
MLP,4,7,0.25607855410160774,0.6362672448158264,0.3530459115439137
MLP,4,8,0.24976321223742867,0.6224814653396606,0.3536471693580149
MLP,4,9,0.2439808450363593,0.630964994430542,0.3590721538611617
MLP,4,10,0.23932761921110274,0.6256628036499023,0.35720908027934817
MLP,4,11,0.23469186586282648,0.6277836561203003,0.35633521806497004
MLP,4,12,0.22978296800100728,0.6267232298851013,0.36109435588810773
MLP,4,13,0.225682077466376,0.6023330092430115,0.3500605030273125
MLP,4,14,0.2231463743457929,0.629904568195343,0.35958085970167303
MLP,4,15,0.21898099312742048,0.6203605532646179,0.3536629146729646
MLP,4,16,0.2163079623259229,0.6405090093612671,0.3668751624500883
MLP,4,17,0.21257902554160585,0.6320254802703857,0.3701052213144064
MLP,4,18,0.21050614624104405,0.6277836561203003,0.36450405455389684
MLP,4,19,0.20705518268753012,0.6405090093612671,0.3713680633577724
MLP,4,20,0.20419520337060104,0.6405090093612671,0.3691738703525726
NeuMF,4,0,,0.08483563363552094,0.03766576371300523
NeuMF,4,1,0.35294916191294895,0.5291622281074524,0.2910205911674443
NeuMF,4,2,0.28578565203912915,0.5906680822372437,0.326541065290397
NeuMF,4,3,0.2649599833454396,0.6065747737884521,0.33931621417224844
NeuMF,4,4,0.2522486978965769,0.6235418915748596,0.34993136992121654
NeuMF,4,5,0.24225886276193678,0.6479321122169495,0.363973263548051
NeuMF,4,6,0.2341368497287945,0.6574761271476746,0.3789188930039962
NeuMF,4,7,0.2279538795985305,0.6564157009124756,0.3738124326427263
NeuMF,4,8,0.22223767466319308,0.662778377532959,0.3833704709682515
NeuMF,4,9,0.21662866375942627,0.6702014803886414,0.3902283624453934
NeuMF,4,10,0.21140872466963187,0.6733828186988831,0.39774256843640615
NeuMF,4,11,0.20690780365491615,0.6691410541534424,0.40006188719461866
NeuMF,4,12,0.20213026895043532,0.6595970392227173,0.3911923614880547
NeuMF,4,13,0.19834902928916393,0.6691410541534424,0.4020483870225946
NeuMF,4,14,0.19463003889067348,0.6553552746772766,0.3924682668275622
NeuMF,4,15,0.19142348116431304,0.6574761271476746,0.39056188602729625
NeuMF,4,16,0.188874237098025,0.6595970392227173,0.3965613231001064
NeuMF,4,17,0.18520183503180654,0.6564157009124756,0.3947036093586067
NeuMF,4,18,0.1832811208105866,0.6606574654579163,0.39268229502371405
NeuMF,4,19,0.17985949195822853,0.6447507739067078,0.3907181830213639
NeuMF,4,20,0.17710033193014055,0.6436903476715088,0.3898995810730456
GMF,5,0,,0.10710498690605164,0.04645121302674499
GMF,5,1,0.4379710530060801,0.3817603290081024,0.202065269717636
GMF,5,2,0.35250073583082764,0.3976670205593109,0.21373820429314594
GMF,5,3,0.3416433103194109,0.4294803738594055,0.24255722696228496
GMF,5,4,0.32278194344881844,0.4931071102619171,0.27410822302942683
GMF,5,5,0.3041976921748942,0.5291622281074524,0.2896813481482394
GMF,5,6,0.29145231874013844,0.5524920225143433,0.3076817564638386
GMF,5,7,0.28354721928735355,0.5609756112098694,0.31212496663172395
GMF,5,8,0.27595502658234117,0.5821844935417175,0.32470953431687427
GMF,5,9,0.26911788853906543,0.6002120971679688,0.3394328809058781
GMF,5,10,0.26274134515294445,0.6044538617134094,0.3428770509254846
GMF,5,11,0.25737048301905857,0.6203605532646179,0.354360680945918
GMF,5,12,0.25391931288059894,0.6246023178100586,0.35019448441240003
GMF,5,13,0.2514333678597518,0.6277836561203003,0.35464721407214317
GMF,5,14,0.2492826096256852,0.619300127029419,0.35257707139202016
GMF,5,15,0.24682474310572527,0.6277836561203003,0.3573180410834541
GMF,5,16,0.2448524638996153,0.6267232298851013,0.35980101135374265
GMF,5,17,0.24406221094577038,0.628844141960144,0.36981172987608185
GMF,5,18,0.24342942797182912,0.630964994430542,0.3630338420565519
GMF,5,19,0.24179064523040864,0.629904568195343,0.3653411766905823
GMF,5,20,0.24138312014051236,0.6415694355964661,0.3708044277082609
MLP,5,0,,0.10710498690605164,0.04650887967278004
MLP,5,1,0.3647748384745537,0.5047720074653625,0.26912471797171283
MLP,5,2,0.31385881769894547,0.5705196261405945,0.3149792835773779
MLP,5,3,0.28698170045059446,0.5832449793815613,0.3278424220638127
MLP,5,4,0.2759125410667252,0.5917285084724426,0.3341740357539606
MLP,5,5,0.2692697075496989,0.6118769645690918,0.34531507752782586
MLP,5,6,0.26142815840867106,0.6256628036499023,0.35991942929624327
MLP,5,7,0.2539099674347253,0.6383880972862244,0.35876324156040645
MLP,5,8,0.2475272910592559,0.6352067589759827,0.3569821768907796
MLP,5,9,0.24237170777304434,0.6511134505271912,0.3677802682935659
MLP,5,10,0.23714042482863656,0.6277836561203003,0.36176309939000134
MLP,5,11,0.23171180071693112,0.6341463327407837,0.3640405467287997
MLP,5,12,0.22708695710882695,0.6362672448158264,0.36361562750238674
MLP,5,13,0.2230541553137575,0.6352067589759827,0.3664531917697735
MLP,5,14,0.2200837238257097,0.630964994430542,0.36563757663207597
MLP,5,15,0.216086807122939,0.6458112597465515,0.37027882470500445
MLP,5,16,0.21233500240811717,0.6489925980567932,0.3705823387318685
MLP,5,17,0.21023728515162537,0.6320254802703857,0.37207150687467627
MLP,5,18,0.20772113121764568,0.6383880972862244,0.3757745299156894
MLP,5,19,0.20419708730773176,0.6330859065055847,0.3681559854545276
MLP,5,20,0.20128699602395145,0.6426299214363098,0.38452917009604803
NeuMF,5,0,,0.12831389904022217,0.059734528881388874
NeuMF,5,1,0.35613258353073207,0.5281018018722534,0.28892233866474176
NeuMF,5,2,0.29456947615764006,0.5737009644508362,0.3193423927342719
NeuMF,5,3,0.2715692290280323,0.6118769645690918,0.3384089435074766
NeuMF,5,4,0.25678695107914784,0.6362672448158264,0.35696002635838725
NeuMF,5,5,0.24675490224755325,0.6521739363670349,0.36594689324459406
NeuMF,5,6,0.23782320933729617,0.6553552746772766,0.3710650803744425
NeuMF,5,7,0.23059863247654544,0.6564157009124756,0.373407265905571
NeuMF,5,8,0.22445774954310893,0.6585366129875183,0.3810753488604226
NeuMF,5,9,0.2209133023417511,0.66171795129776,0.38012208823800414
NeuMF,5,10,0.21609585727984262,0.6606574654579163,0.38408037307568144
NeuMF,5,11,0.21118817649002428,0.6606574654579163,0.3878641645114978
NeuMF,5,12,0.20769692094314307,0.6680805683135986,0.3903675880681931
NeuMF,5,13,0.20417631074658915,0.6564157009124756,0.3870498334945275
NeuMF,5,14,0.2012047705817126,0.6564157009124756,0.3914927355305531
NeuMF,5,15,0.19784474614869052,0.6702014803886414,0.39440577774522556
NeuMF,5,16,0.19461658682887478,0.662778377532959,0.3917164937147258
NeuMF,5,17,0.1914157543576133,0.6659597158432007,0.39248683146828467
NeuMF,5,18,0.1894388730123268,0.6712619066238403,0.39832258512443264
NeuMF,5,19,0.18651000676317026,0.6574761271476746,0.3951459124154622
NeuMF,5,20,0.18360189640568417,0.6723223924636841,0.3961811854272119
GMF,6,0,,0.10392364859580994,0.04807047979337698
GMF,6,1,0.43756541776268787,0.39024388790130615,0.2062469041658093
GMF,6,2,0.35158521135000087,0.3955461382865906,0.21365179192087333
GMF,6,3,0.34134287188500106,0.42841994762420654,0.2343387279652314
GMF,6,4,0.32052860252136517,0.4803817570209503,0.2669255510707068
GMF,6,5,0.3010766314204373,0.5249204635620117,0.29248695515360906
GMF,6,6,0.29255710197218715,0.5418875813484192,0.29980965946287436
GMF,6,7,0.28824534033191773,0.5524920225143433,0.306289707328496
GMF,6,8,0.2827850187065613,0.5747613906860352,0.3160099371943941
GMF,6,9,0.27637641165697646,0.5811240673065186,0.32282294420311525
GMF,6,10,0.2704119569907374,0.5896076560020447,0.3279174753853293
GMF,6,11,0.2650356269712359,0.6023330092430115,0.3370798456869804
GMF,6,12,0.26153225781257483,0.6161187887191772,0.34491299333623743
GMF,6,13,0.2567518758272491,0.6150583028793335,0.3472540751194783
GMF,6,14,0.2532607443633581,0.6246023178100586,0.3525337204936199
GMF,6,15,0.2503107502368528,0.6267232298851013,0.3593460796536286
GMF,6,16,0.24840325348861822,0.6352067589759827,0.36023136843452924
GMF,6,17,0.24666221586441267,0.6277836561203003,0.35819362900157775
GMF,6,18,0.245288010779174,0.6341463327407837,0.3671368740655208
GMF,6,19,0.2443138321010094,0.6373276710510254,0.37116961971502654
GMF,6,20,0.24271259795504768,0.6405090093612671,0.36966270186067024
MLP,6,0,,0.0890774130821228,0.03765789607235377
MLP,6,1,0.3683634015177413,0.4750795364379883,0.25935279770997277
MLP,6,2,0.31859888467701314,0.5493106842041016,0.30105039492695496
MLP,6,3,0.2988235028250995,0.5790031552314758,0.3181478577603084
MLP,6,4,0.28258123045887945,0.597030758857727,0.32882448729256675
MLP,6,5,0.2733004802766396,0.6023330092430115,0.34715862574299367
MLP,6,6,0.2658861356012455,0.6235418915748596,0.35063374209677284
MLP,6,7,0.2587123551994467,0.6161187887191772,0.350057596375495
MLP,6,8,0.2525552712268042,0.619300127029419,0.35729225985777346
MLP,6,9,0.24693544879317256,0.6235418915748596,0.35744399404889904
MLP,6,10,0.2414811978641325,0.6203605532646179,0.36201268877833537
MLP,6,11,0.23644860559883807,0.6118769645690918,0.35934780254673565
MLP,6,12,0.2335925363178713,0.6256628036499023,0.3722852175815645
MLP,6,13,0.22906045666399646,0.6320254802703857,0.3697815339212028
MLP,6,14,0.2251579061275393,0.6224814653396606,0.3684055007831751
MLP,6,15,0.22155599554555552,0.6214209794998169,0.36712807238644984
MLP,6,16,0.21861203756631192,0.6394485831260681,0.3801712282193965
MLP,6,17,0.21564772918814,0.619300127029419,0.3765330297965864
MLP,6,18,0.21342831888591932,0.6235418915748596,0.3716605240013034
MLP,6,19,0.21065363285775157,0.6341463327407837,0.3849249972633755
MLP,6,20,0.20799511042749225,0.6405090093612671,0.38356923111725566
NeuMF,6,0,,0.09437964111566544,0.044478270408477634
NeuMF,6,1,0.353467872778812,0.5291622281074524,0.2977040010755275
NeuMF,6,2,0.29032419458386133,0.5800636410713196,0.32074272749885513
NeuMF,6,3,0.2718664927563962,0.6002120971679688,0.33218135706895824
NeuMF,6,4,0.2598790383728703,0.6065747737884521,0.3374085985624696
NeuMF,6,5,0.2504176038277534,0.6277836561203003,0.35822282380092674
NeuMF,6,6,0.24136310098142413,0.6246023178100586,0.35896966192560287
NeuMF,6,7,0.23400581037010154,0.6415694355964661,0.36776090095062725
NeuMF,6,8,0.22779850306486285,0.6468716859817505,0.37201204249056413
NeuMF,6,9,0.22195566334874503,0.6458112597465515,0.37698881931042383
NeuMF,6,10,0.2165184366947736,0.6532343626022339,0.3847503076684696
NeuMF,6,11,0.2118135869634242,0.6532343626022339,0.3856770475722848
NeuMF,6,12,0.20932880570956705,0.6553552746772766,0.3881788286976056
NeuMF,6,13,0.20499858186585992,0.6521739363670349,0.39418639444276043
NeuMF,6,14,0.20025503521207896,0.6564157009124756,0.3927086583868348
NeuMF,6,15,0.19737913065831275,0.6426299214363098,0.384238530751893
NeuMF,6,16,0.19456899417437645,0.6659597158432007,0.39114893462466827
NeuMF,6,17,0.19174265506382634,0.6532343626022339,0.39162581099039784
NeuMF,6,18,0.18835600649266582,0.6606574654579163,0.40398474285977204
NeuMF,6,19,0.1863531427802649,0.6691410541534424,0.3968746371433159
NeuMF,6,20,0.18380281891387745,0.6511134505271912,0.3972477389001349
GMF,7,0,,0.10074231028556824,0.04670141482042697
GMF,7,1,0.43740824593637845,0.3976670205593109,0.2085702794283508
GMF,7,2,0.3459500669583754,0.43160128593444824,0.23702256531441
GMF,7,3,0.32686651411762097,0.48568397760391235,0.26786643621290146
GMF,7,4,0.3185606572419137,0.5132555961608887,0.2805274371384472
GMF,7,5,0.31235463838516814,0.5249204635620117,0.28735141728807106
GMF,7,6,0.3007292943981961,0.5344644784927368,0.2903108311981922
GMF,7,7,0.2911235957666492,0.5408271551132202,0.2984363843954803
GMF,7,8,0.28577326678954174,0.5588546991348267,0.30837096305179007
GMF,7,9,0.2792806244156861,0.5673382878303528,0.3157907663580447
GMF,7,10,0.27291119377665607,0.5917285084724426,0.32910189707937476
GMF,7,11,0.2674211192046478,0.5896076560020447,0.330612936691985
GMF,7,12,0.26218000865049185,0.6108165383338928,0.33989010974744344
GMF,7,13,0.25709192812956727,0.6129374504089355,0.34014453588843196
GMF,7,14,0.2512471407890043,0.6182396411895752,0.346265195193766
GMF,7,15,0.24849594274859385,0.6341463327407837,0.35254648799538724
GMF,7,16,0.24575176992342898,0.6458112597465515,0.3604065657435346
GMF,7,17,0.2430835742000619,0.6394485831260681,0.36230750519852545
GMF,7,18,0.2422186961023496,0.6415694355964661,0.36463758157449094
GMF,7,19,0.23970695924986846,0.6479321122169495,0.3703449683481082
GMF,7,20,0.23982376709650588,0.6532343626022339,0.3734314896215349
MLP,7,0,,0.08377518504858017,0.034032042248436825
MLP,7,1,0.3691511647222599,0.45705196261405945,0.25221868135921305
MLP,7,2,0.3198225933429889,0.5662778615951538,0.3101963690432523
MLP,7,3,0.2937316088187582,0.5779427289962769,0.31948831283731466
MLP,7,4,0.28031715692543996,0.6002120971679688,0.3369814825735943
MLP,7,5,0.27193666187751736,0.6002120971679688,0.34115664058888734
MLP,7,6,0.26352780538585846,0.6055142879486084,0.3469831275700532
MLP,7,7,0.25588452744482004,0.6055142879486084,0.3424700482507138
MLP,7,8,0.2498556455146096,0.628844141960144,0.3601597085606861
MLP,7,9,0.24329943263732665,0.6214209794998169,0.36447142993988335
MLP,7,10,0.23834568430773698,0.6330859065055847,0.3643961501095738
MLP,7,11,0.23387013146183375,0.6267232298851013,0.3628849681678347
MLP,7,12,0.2289993497377739,0.6182396411895752,0.36012520454209035
MLP,7,13,0.22559036452238984,0.6224814653396606,0.36749171258832863
MLP,7,14,0.22093535863637784,0.6352067589759827,0.37850852775188215
MLP,7,15,0.21857923402971324,0.6277836561203003,0.3722105369099361
MLP,7,16,0.21538371603862222,0.6352067589759827,0.37630122833341995
MLP,7,17,0.21173600123430028,0.6415694355964661,0.37267845384559517
MLP,7,18,0.20944277222695454,0.6468716859817505,0.3721077696959971
MLP,7,19,0.20589848347696985,0.6362672448158264,0.37347124900556256
MLP,7,20,0.20458941627709587,0.630964994430542,0.3791660516349428
NeuMF,7,0,,0.10392364859580994,0.046146914850767495
NeuMF,7,1,0.3537663249736371,0.5132555961608887,0.2830439217638535
NeuMF,7,2,0.294800180069004,0.5662778615951538,0.31050157370039083
NeuMF,7,3,0.27555330151810004,0.6012725234031677,0.33040303242108504
NeuMF,7,4,0.26138970348082996,0.6203605532646179,0.348145048535458
NeuMF,7,5,0.25039885775727083,0.6373276710510254,0.3637045327650076
NeuMF,7,6,0.24062388299356277,0.6479321122169495,0.37271101709641297
NeuMF,7,7,0.23230868420297723,0.6542947888374329,0.37842000608066145
NeuMF,7,8,0.2259038722845953,0.6595970392227173,0.3836222892395422
NeuMF,7,9,0.21943749076478292,0.662778377532959,0.3901152220237379
NeuMF,7,10,0.21428768189823783,0.6723223924636841,0.391702965944114
NeuMF,7,11,0.2101819671885321,0.6670201420783997,0.39158690860852763
NeuMF,7,12,0.2049131492234026,0.6532343626022339,0.38256846249621934
NeuMF,7,13,0.20163821316045805,0.6648992300033569,0.3895787834677867
NeuMF,7,14,0.19686200901196793,0.6542947888374329,0.38387498019684096
NeuMF,7,15,0.19451635547226354,0.6585366129875183,0.3876122226776629
NeuMF,7,16,0.1908511655608336,0.66171795129776,0.3915541273961357
NeuMF,7,17,0.18832474553890263,0.6511134505271912,0.3837497292091702
NeuMF,7,18,0.185311389370374,0.6458112597465515,0.3857221302989097
NeuMF,7,19,0.18144557551125118,0.6553552746772766,0.3903640942215183
NeuMF,7,20,0.18050998573790974,0.6447507739067078,0.3848888961992643
GMF,8,0,,0.09331919252872467,0.04487162129363896
GMF,8,1,0.4388723571113104,0.375397652387619,0.19927299111595764
GMF,8,2,0.35239320854390105,0.39978790283203125,0.21162212267943653
GMF,8,3,0.3479629397619479,0.4103923738002777,0.21669351187633565
GMF,8,4,0.33400346750108095,0.44750794768333435,0.25466557425373176
GMF,8,5,0.314199985691179,0.5026510953903198,0.2762108728264275
GMF,8,6,0.2982346850293905,0.5355249047279358,0.29671634799624774
GMF,8,7,0.2884026773736711,0.555673360824585,0.3070174268734972
GMF,8,8,0.2808900991881606,0.5694591999053955,0.31360642392159793
GMF,8,9,0.27296063600251436,0.5896076560020447,0.327413922848499
GMF,8,10,0.2669627269674879,0.597030758857727,0.3347602499126999
GMF,8,11,0.2612346631407113,0.5991516709327698,0.3412092328931532
GMF,8,12,0.2567599394712091,0.6214209794998169,0.35201271801971584
GMF,8,13,0.2535943951993026,0.6394485831260681,0.36417919586208436
GMF,8,14,0.24959395676884685,0.6330859065055847,0.3591935025845195
GMF,8,15,0.24664517084794343,0.6521739363670349,0.3669746659723252
GMF,8,16,0.2444628904599533,0.6458112597465515,0.3737203530425889
GMF,8,17,0.24324938092703272,0.6606574654579163,0.3699967290429297
GMF,8,18,0.24118777270447764,0.6405090093612671,0.3704848984406519
GMF,8,19,0.2411737183803113,0.6479321122169495,0.37309862266823873
GMF,8,20,0.24027705050470738,0.6542947888374329,0.376527431470978
MLP,8,0,,0.10604453831911087,0.0501771375879504
MLP,8,1,0.3620054684119644,0.4931071102619171,0.2672743545084957
MLP,8,2,0.3088930284507723,0.5503711700439453,0.3065075300936145
MLP,8,3,0.2862225289101251,0.5821844935417175,0.3189678574322643
MLP,8,4,0.27605814504307996,0.6002120971679688,0.3364450955318008
MLP,8,5,0.2669358504707412,0.6182396411895752,0.34837623018743613
MLP,8,6,0.25969872435267705,0.6214209794998169,0.35269792019320667
MLP,8,7,0.2518960003258025,0.6320254802703857,0.35877559299021955
MLP,8,8,0.24528840712084082,0.6341463327407837,0.36093879291329023
MLP,8,9,0.23866294765306198,0.6436903476715088,0.37145600837622095
MLP,8,10,0.23387600782619505,0.6320254802703857,0.37031075196455937
MLP,8,11,0.2295957621339531,0.628844141960144,0.36708233473620044
MLP,8,12,0.22489270745959472,0.628844141960144,0.3661260622860775
MLP,8,13,0.22206718572425568,0.6426299214363098,0.370943679842294
MLP,8,14,0.21846632781561795,0.6182396411895752,0.37348197287048185
MLP,8,15,0.2145404993280652,0.6341463327407837,0.3782653403999069
MLP,8,16,0.21219561894013797,0.6436903476715088,0.37737151507621847
MLP,8,17,0.20937514413918706,0.628844141960144,0.37088830901167436
MLP,8,18,0.2062293262014349,0.630964994430542,0.37028334805222934
MLP,8,19,0.20419423468698775,0.6330859065055847,0.37033528490919143
MLP,8,20,0.2020512449357907,0.630964994430542,0.37544263213671714
NeuMF,8,0,,0.09437964111566544,0.04206717204396489
NeuMF,8,1,0.35049766266837085,0.5196182131767273,0.2856356175495744
NeuMF,8,2,0.29005135497996426,0.5917285084724426,0.3214333861567747
NeuMF,8,3,0.2708615317755727,0.6129374504089355,0.3413443068339015
NeuMF,8,4,0.25660507596851057,0.619300127029419,0.3533654800676476
NeuMF,8,5,0.2452067247644329,0.6436903476715088,0.3625956183390426
NeuMF,8,6,0.23758574940626753,0.6383880972862244,0.3691997034837284
NeuMF,8,7,0.2292948941267409,0.6500530242919922,0.37165680193454476
NeuMF,8,8,0.22252766846982314,0.6521739363670349,0.3732448984582588
NeuMF,8,9,0.21553803799016633,0.6500530242919922,0.3788321273709893
NeuMF,8,10,0.21070671638611962,0.6532343626022339,0.3827590402054569
NeuMF,8,11,0.20546535691820672,0.6574761271476746,0.38765455784429065
NeuMF,8,12,0.20065843484249196,0.663838803768158,0.3910668399939531
NeuMF,8,13,0.19740285782354317,0.6691410541534424,0.4006582870971098
NeuMF,8,14,0.19303921167917854,0.6670201420783997,0.3957096587185245
NeuMF,8,15,0.18945222983554547,0.66171795129776,0.39850192350858527
NeuMF,8,16,0.18610731845812614,0.6458112597465515,0.38835147003736986
NeuMF,8,17,0.18356863526471331,0.6574761271476746,0.3957794218709294
NeuMF,8,18,0.17970634091533927,0.6489925980567932,0.3920680181544135
NeuMF,8,19,0.17863446587830437,0.6595970392227173,0.3968478267103986
NeuMF,8,20,0.17568313127763774,0.6330859065055847,0.38533506543894297
GMF,9,0,,0.10074231028556824,0.046704752051446884
GMF,9,1,0.4372106492625084,0.3817603290081024,0.20315837037815776
GMF,9,2,0.3530872443727764,0.3923647999763489,0.20927280670368067
GMF,9,3,0.34753809213154735,0.4135737121105194,0.22630892517390439
GMF,9,4,0.3300539958823783,0.4878048896789551,0.2708601219558402
GMF,9,5,0.3065306082600267,0.522799551486969,0.29033546941855704
GMF,9,6,0.29439681881729,0.5312831401824951,0.2927281046748131
GMF,9,7,0.29056886388749253,0.5440084934234619,0.3007977437304092
GMF,9,8,0.2853949671967073,0.5609756112098694,0.30856486569254554
GMF,9,9,0.2758752781428411,0.5747613906860352,0.32164705331538773
GMF,9,10,0.2669531628608869,0.6044538617134094,0.3398853037540278
GMF,9,11,0.2583679501452584,0.6150583028793335,0.3502376680756007
GMF,9,12,0.2519519495654709,0.6246023178100586,0.35590169102032515
GMF,9,13,0.24838168047992584,0.6246023178100586,0.3568363930252667
GMF,9,14,0.2455258847383756,0.6426299214363098,0.36583992570934837
GMF,9,15,0.24382597391902375,0.6330859065055847,0.36469978822910576
GMF,9,16,0.24144632374355557,0.6352067589759827,0.3636409560358046
GMF,9,17,0.241356663769942,0.6405090093612671,0.36713334115470564
GMF,9,18,0.2404819985046285,0.6383880972862244,0.36530277134610817
GMF,9,19,0.23945392585499106,0.6383880972862244,0.36613302132143705
GMF,9,20,0.2389703850821777,0.6373276710510254,0.37091034085189
MLP,9,0,,0.09650053083896637,0.03844095755784891
MLP,9,1,0.361653607015733,0.4867444336414337,0.2742740594290336
MLP,9,2,0.3089138759439573,0.5620360374450684,0.32151874172484524
MLP,9,3,0.2857612630796653,0.598091185092926,0.3276186068984436
MLP,9,4,0.2735587794239761,0.6002120971679688,0.33146776497857644
MLP,9,5,0.2656435978526353,0.6129374504089355,0.3545384276604114
MLP,9,6,0.2566850797929608,0.629904568195343,0.36036467685319074
MLP,9,7,0.24958934108755632,0.6214209794998169,0.35690291367964316
MLP,9,8,0.24383832271752232,0.6277836561203003,0.36611218582741273
MLP,9,9,0.2367635750802402,0.6415694355964661,0.366547301868921
MLP,9,10,0.23178251546106282,0.6373276710510254,0.3790681359885138
MLP,9,11,0.22741529791371706,0.6330859065055847,0.37681997201873546
MLP,9,12,0.2228133488613158,0.6352067589759827,0.3785843863149652
MLP,9,13,0.2192053863096901,0.6320254802703857,0.37566169345771966
MLP,9,14,0.21620294657402256,0.6383880972862244,0.3892304551309869
MLP,9,15,0.2121581265635221,0.6362672448158264,0.38150698923222875
MLP,9,16,0.20862915607444432,0.6479321122169495,0.38607159344564135
MLP,9,17,0.20611008941054376,0.6489925980567932,0.3886784638999575
MLP,9,18,0.20386308823374302,0.6362672448158264,0.37652089085741974
MLP,9,19,0.20079461374882468,0.6564157009124756,0.38727455563692353
MLP,9,20,0.19868943228675837,0.6352067589759827,0.37866992055117543
NeuMF,9,0,,0.10074231028556824,0.043889971531983235
NeuMF,9,1,0.3516690146517982,0.5185577869415283,0.28794899333918506
NeuMF,9,2,0.2957366631717127,0.5652173757553101,0.32042305924657827
NeuMF,9,3,0.2784739411237842,0.5938494205474854,0.32745412668837454
NeuMF,9,4,0.2608653831144647,0.6182396411895752,0.3487937314233415
NeuMF,9,5,0.24912287442226894,0.6426299214363098,0.36556487695871165
NeuMF,9,6,0.23938575431263778,0.6500530242919922,0.373731888866701
NeuMF,9,7,0.23261899904513483,0.6553552746772766,0.38006203474121303
NeuMF,9,8,0.22673253535004498,0.6532343626022339,0.38323365394476294
NeuMF,9,9,0.22028141732848366,0.6648992300033569,0.3865559996884883
NeuMF,9,10,0.21417770291208493,0.6659597158432007,0.392337210013689
NeuMF,9,11,0.2100796610694695,0.6670201420783997,0.39332321781368196
NeuMF,9,12,0.20542908974175186,0.6564157009124756,0.39006575569685575
NeuMF,9,13,0.20164955869870796,0.66171795129776,0.3958668836991645
NeuMF,9,14,0.19754786599614801,0.6595970392227173,0.3950851068395984
NeuMF,9,15,0.19385926883982774,0.6489925980567932,0.39161331607643246
NeuMF,9,16,0.1895793023324152,0.6553552746772766,0.39353399719771914
NeuMF,9,17,0.18713021891529033,0.6542947888374329,0.3907019415290444
NeuMF,9,18,0.1839502742967402,0.6489925980567932,0.39426403870237525
NeuMF,9,19,0.18112551828607776,0.6553552746772766,0.3997383066636868
NeuMF,9,20,0.17854662669220878,0.6553552746772766,0.40383848383402
